<?xml version="1.0" encoding="UTF-8"?>

<!--
  Licensed to the Apache Software Foundation (ASF) under one or more
  contributor license agreements.  See the NOTICE file distributed with
  this work for additional information regarding copyright ownership.
  The ASF licenses this file to You under the Apache License, Version 2.0
  (the "License"); you may not use this file except in compliance with
  the License.  You may obtain a copy of the License at

       http://www.apache.org/licenses/LICENSE-2.0

  Unless required by applicable law or agreed to in writing, software
  distributed under the License is distributed on an "AS IS" BASIS,
  WITHOUT WARRANTIES OR CONDITIONS OF ANY KIND, either express or implied.
  See the License for the specific language governing permissions and
  limitations under the License.
-->

<!--
    Ignite Spring configuration file to startup ignite cache.

    When starting a standalone node, you need to execute the following command:
    {IGNITE_HOME}/bin/ignite.{bat|sh} examples/config/filesystem/example-igfs.xml

    When starting Ignite from Java IDE, pass path to this file into Ignition:
    Ignition.start("examples/config/filesystem/example-igfs.xml");
-->
<beans xmlns="http://www.springframework.org/schema/beans"
       xmlns:xsi="http://www.w3.org/2001/XMLSchema-instance"
       xsi:schemaLocation="http://www.springframework.org/schema/beans
       http://www.springframework.org/schema/beans/spring-beans.xsd">

    <!--
        Optional description.
    -->
    <description>
        Spring file for ignite configuration with client available endpoints.
    </description>

    <!--
        Initialize property configurer so we can reference environment variables.
    -->
    <bean id="propertyConfigurer" class="org.springframework.beans.factory.config.PropertyPlaceholderConfigurer">
        <property name="systemPropertiesModeName" value="SYSTEM_PROPERTIES_MODE_FALLBACK"/>
        <property name="searchSystemEnvironment" value="true"/>
    </bean>

    <!--
        Configuration below demonstrates how to setup a IgniteFs node with file data.
    -->
    <bean id="ignite.cfg" class="org.apache.ignite.configuration.IgniteConfiguration">
        <property name="marshaller">
            <bean class="org.apache.ignite.internal.binary.BinaryMarshaller" />
        </property>

        <property name="fileSystemConfiguration">
            <list>
                <bean class="org.apache.ignite.configuration.FileSystemConfiguration">
                    <property name="name" value="igfs"/>

                    <!-- Must correlate with cache affinity mapper. -->
                    <property name="blockSize" value="#{128 * 1024}"/>
                    <property name="perNodeBatchSize" value="512"/>
                    <property name="perNodeParallelBatchCount" value="16"/>

                    <!-- Set number of prefetch blocks. -->
                    <property name="prefetchBlocks" value="32"/>

                    <!--
                        Example of configured IPC loopback endpoint.
                    -->
                    <!--
                    <property name="ipcEndpointConfiguration">
                        <bean class="org.apache.ignite.igfs.IgfsIpcEndpointConfiguration">
                            <property name="type" value="TCP" />
                        </bean>
                    </property>
                    -->

                    <!--
                        Example of configured shared memory endpoint.
                    -->
                    <!--
                    <property name="ipcEndpointConfiguration">
                        <bean class="org.apache.ignite.igfs.IgfsIpcEndpointConfiguration">
                            <property name="type" value="SHMEM" />
                        </bean>
                    </property>
                    -->
                </bean>
            </list>
        </property>

        <!-- Explicitly configure TCP discovery SPI to provide list of initial nodes. -->
        <property name="discoverySpi">
            <bean class="org.apache.ignite.spi.discovery.tcp.TcpDiscoverySpi">
                <property name="ipFinder">
                    <!--
                        Ignition provides several options for automatic discovery that can be used
                        instead os static IP based discovery. For information on all options refer
                        to our documentation: http://apacheignite.readme.io/docs/cluster-config
                    -->
                    <!-- Uncomment static IP finder to enable static-based discovery of initial nodes. -->
                    <!--<bean class="org.apache.ignite.spi.discovery.tcp.ipfinder.vm.TcpDiscoveryVmIpFinder">-->
                    <bean class="org.apache.ignite.spi.discovery.tcp.ipfinder.multicast.TcpDiscoveryMulticastIpFinder">
                        <property name="addresses">
                            <list>
                                <!-- In distributed environment, replace with actual host IP address. -->
                                <value>127.0.0.1:47500..47509</value>
                            </list>
                        </property>
                    </bean>
                </property>
            </bean>
        </property>
    </bean>
</beans>
